false_positive,count,mean,median,std,min,max
Correctly Approved,543512,57.00055058581963,45.91,59.175930967855656,1.0,679.54
False Positive,10062,640.9357165573444,460.505,868.987155792142,93.76,22768.11
