is_fraud,transaction_count,percentage
0,1289169,99.42113482561166
1,7506,0.5788651743883394
