threshold,true_negatives,false_positives,false_negatives,true_positives,precision,recall,f1_score,false_positive_rate,manual_review_volume
0.1,173018,380556,0,2145,0.0056048978184013104,1.0,0.011147316069284856,0.6874528066708335,382701
0.2,279332,274242,72,2073,0.007502307149448998,0.9664335664335665,0.014889032536091359,0.49540260200081654,276315
0.3,383060,170514,286,1859,0.010784751672245654,0.8666666666666667,0.021304392670097066,0.308023859502072,172373
0.4,439311,114263,489,1656,0.0142858375244783,0.772027972027972,0.028052581650630168,0.20640962183917597,115919
0.5,486370,67204,556,1589,0.023098280348291252,0.7407925407925408,0.044799684231300575,0.12140021026999101,68793
0.6,528716,24858,585,1560,0.0590506472859414,0.7272727272727273,0.10923222350593426,0.04490456560459848,26418
0.7,543512,10062,599,1546,0.13318401102687802,0.7207459207459207,0.22482367483458154,0.018176431696575346,11608
0.8,546772,6802,748,1397,0.1703866325161605,0.6512820512820513,0.27010827532869297,0.012287426793888442,8199
0.9,548267,5307,1066,1079,0.1689633573441904,0.503030303030303,0.25295979369358806,0.009586794177472208,6386
