is_fraud,count,mean,median,std,min,max
Legitimate,1289169,67.66710981260022,47.28,154.00797054609885,1.0,28948.9
Fraudulent,7506,531.3200919264589,396.505,390.56006972553575,1.06,1376.04
